<?xml version="1.0" encoding="UTF-8"?>
<project-private xmlns="http://www.netbeans.org/ns/project-private/1">
    <editor-bookmarks xmlns="http://www.netbeans.org/ns/editor-bookmarks/2" lastBookmarkId="0"/>
    <open-files xmlns="http://www.netbeans.org/ns/projectui-open-files/2">
        <group>
            <file>file:/C:/Users/LENOVO/Documents/NetBeansProjects/ContohPolimorfisme/src/notifikasi/InterfaceNotifikasi.java</file>
            <file>file:/C:/Users/LENOVO/Documents/NetBeansProjects/ContohPolimorfisme/src/Segitiga.java</file>
            <file>file:/C:/Users/LENOVO/Documents/NetBeansProjects/ContohPolimorfisme/src/BangunDatar.java</file>
            <file>file:/C:/Users/LENOVO/Documents/NetBeansProjects/ContohPolimorfisme/src/notifikasi/SMSNotification.java</file>
            <file>file:/C:/Users/LENOVO/Documents/NetBeansProjects/ContohPolimorfisme/src/Persegi.java</file>
            <file>file:/C:/Users/LENOVO/Documents/NetBeansProjects/ContohPolimorfisme/src/notifikasi/Main.java</file>
            <file>file:/C:/Users/LENOVO/Documents/NetBeansProjects/ContohPolimorfisme/src/Player.java</file>
            <file>file:/C:/Users/LENOVO/Documents/NetBeansProjects/ContohPolimorfisme/src/Lingkaran.java</file>
            <file>file:/C:/Users/LENOVO/Documents/NetBeansProjects/ContohPolimorfisme/src/notifikasi/PushNotification.java</file>
            <file>file:/C:/Users/LENOVO/Documents/NetBeansProjects/ContohPolimorfisme/src/notifikasi/EmailNotification.java</file>
        </group>
    </open-files>
</project-private>
